{"files":{"application-c143bba769bba97234f42fee1c901ec2.js":{"logical_path":"application.js","mtime":"2014-01-16T23:20:57+00:00","size":403079,"digest":"c143bba769bba97234f42fee1c901ec2"},"application-30fc2d7e7612cb2c001801ccc928c28a.css":{"logical_path":"application.css","mtime":"2014-01-16T15:36:12+00:00","size":122370,"digest":"30fc2d7e7612cb2c001801ccc928c28a"},"bootstrap/glyphicons-halflings-regular-383925084b8114cc57e0058e42c88e5b.eot":{"logical_path":"bootstrap/glyphicons-halflings-regular.eot","mtime":"2014-01-16T12:39:37+00:00","size":20290,"digest":"383925084b8114cc57e0058e42c88e5b"},"bootstrap/glyphicons-halflings-regular-945a0e67aaffe0a8968b768b63f68737.svg":{"logical_path":"bootstrap/glyphicons-halflings-regular.svg","mtime":"2014-01-16T12:39:37+00:00","size":62850,"digest":"945a0e67aaffe0a8968b768b63f68737"},"bootstrap/glyphicons-halflings-regular-3d83d2e57557bd4905420726d0181f95.ttf":{"logical_path":"bootstrap/glyphicons-halflings-regular.ttf","mtime":"2014-01-16T12:39:37+00:00","size":41236,"digest":"3d83d2e57557bd4905420726d0181f95"},"bootstrap/glyphicons-halflings-regular-f001a5cf813d23753784234ad401f840.woff":{"logical_path":"bootstrap/glyphicons-halflings-regular.woff","mtime":"2014-01-16T12:39:37+00:00","size":23292,"digest":"f001a5cf813d23753784234ad401f840"}},"assets":{"application.js":"application-c143bba769bba97234f42fee1c901ec2.js","application.css":"application-30fc2d7e7612cb2c001801ccc928c28a.css","bootstrap/glyphicons-halflings-regular.eot":"bootstrap/glyphicons-halflings-regular-383925084b8114cc57e0058e42c88e5b.eot","bootstrap/glyphicons-halflings-regular.svg":"bootstrap/glyphicons-halflings-regular-945a0e67aaffe0a8968b768b63f68737.svg","bootstrap/glyphicons-halflings-regular.ttf":"bootstrap/glyphicons-halflings-regular-3d83d2e57557bd4905420726d0181f95.ttf","bootstrap/glyphicons-halflings-regular.woff":"bootstrap/glyphicons-halflings-regular-f001a5cf813d23753784234ad401f840.woff"}}